SuiteName,Test Case,FileName,Total Action,Pass,Fail,Exe Time,Result
DEMO_TEST_SUITE,VOD_EVO_028.py,DEMO_TEST_SUITE\\02-09-2016\\VMS_0000096397373127\\VOD_EVO_028\\VOD_EVO_028_16_16_24.html,82,0,108,0:27:52,FAIL
DEMO_TEST_SUITE,VOD_EVO_102_Rent.py,DEMO_TEST_SUITE\\02-09-2016\\VMS_0000096397373127\\VOD_EVO_102_Rent\\VOD_EVO_102_Rent_16_25_04.html,12,0,26,0:08:38,FAIL
DEMO_TEST_SUITE,VOD_EVO_028.py,DEMO_TEST_SUITE\\06-09-2016\\VMS_0000095123836233\\VOD_EVO_028\\VOD_EVO_028_13_25_03.html,79,0,104,0:27:08,FAIL
DEMO_TEST_SUITE,VOD_EVO_102_Rent.py,DEMO_TEST_SUITE\\06-09-2016\\VMS_0000095123836233\\VOD_EVO_102_Rent\\VOD_EVO_102_Rent_13_33_26.html,12,0,26,0:08:22,FAIL
DEMO_TEST_SUITE,VOD_EVO_028.py,DEMO_TEST_SUITE\\06-09-2016\\VMS_0000095123836233\\VOD_EVO_102_Rent\\VOD_EVO_102_Rent_13_33_27.html,13,0,108,1:08:22,FAIL
DEMO_TEST_SUITE,VOD_EVO_102.py,DEMO_TEST_SUITE\\06-09-2016\\VMS_0000095123836233\\VOD_EVO_102_Rent\\VOD_EVO_102_Rent_13_33_28.html,14,1,,0:27:52,PASS
DEMO_TEST_SUITE,VOD_EVO_105.py,DEMO_TEST_SUITE\\02-09-2016\\VMS_0000096397373127\\VOD_EVO_105\\VOD_EVO_105_13_34_29.html,17,0,104,0:08:38,FAIL
DEMO_TEST_SUITE,VOD_EVO_106.py,DEMO_TEST_SUITE\\02-09-2016\\VMS_0000096397373127\\VOD_EVO_106\\VOD_EVO_106_13_35_30.html,18,0,26,0:27:08,FAIL
DEMO_TEST_SUITE,VOD_EVO_107.py,DEMO_TEST_SUITE\\02-09-2016\\VMS_0000096397373127\\VOD_EVO_107\\VOD_EVO_107_13_36_31.html,19,0,26,0:08:22,FAIL
DEMO_TEST_SUITE,VOD_EVO_108.py,DEMO_TEST_SUITE\\02-09-2016\\VMS_0000096397373127\\VOD_EVO_108\\VOD_EVO_108_13_37_32.html,82,0,108,1:08:22,FAIL
DEMO_TEST_SUITE,VOD_EVO_109.py,DEMO_TEST_SUITE\\02-09-2016\\VMS_0000096397373127\\VOD_EVO_109\\VOD_EVO_109_13_38_33.html,12,0,26,0:27:52,FAIL
DEMO_TEST_SUITE,VOD_EVO_110.py,DEMO_TEST_SUITE\\02-09-2016\\VMS_0000096397373127\\VOD_EVO_110\\VOD_EVO_110_13_39_34.html,79,0,108,0:08:38,FAIL
DEMO_TEST_SUITE,VOD_EVO_111.py,DEMO_TEST_SUITE\\02-09-2016\\VMS_0000096397373127\\VOD_EVO_111\\VOD_EVO_111_13_40_35.html,12,1,,0:27:08,PASS
DEMO_TEST_SUITE,VOD_EVO_112.py,DEMO_TEST_SUITE\\02-09-2016\\VMS_0000096397373127\\VOD_EVO_112\\VOD_EVO_112_13_41_36.html,13,0,6,0:08:22,FAIL
DEMO_TEST_SUITE,VOD_EVO_113.py,DEMO_TEST_SUITE\\02-09-2016\\VMS_0000096397373127\\VOD_EVO_113\\VOD_EVO_113_13_42_37.html,14,0,4,1:08:22,FAIL
DEMO_TEST_SUITE,VOD_EVO_114.py,DEMO_TEST_SUITE\\02-09-2016\\VMS_0000096397373127\\VOD_EVO_114\\VOD_EVO_114_13_43_38.html,15,0,4,0:27:52,FAIL
DEMO_TEST_SUITE,VOD_EVO_115.py,DEMO_TEST_SUITE\\02-09-2016\\VMS_0000096397373127\\VOD_EVO_115\\VOD_EVO_115_13_44_39.html,16,0,3,0:08:38,FAIL
DEMO_TEST_SUITE,VOD_EVO_116.py,DEMO_TEST_SUITE\\02-09-2016\\VMS_0000096397373127\\VOD_EVO_116\\VOD_EVO_116_13_45_40.html,17,0,2,0:27:08,FAIL
DEMO_TEST_SUITE,VOD_EVO_117.py,DEMO_TEST_SUITE\\02-09-2016\\VMS_0000096397373127\\VOD_EVO_117\\VOD_EVO_117_13_46_41.html,18,0,2,0:08:22,FAIL
DEMO_TEST_SUITE,VOD_EVO_118.py,DEMO_TEST_SUITE\\02-09-2016\\VMS_0000096397373127\\VOD_EVO_118\\VOD_EVO_118_13_47_42.html,19,1,,1:08:22,PASS
DEMO_TEST_SUITE,VOD_EVO_119.py,DEMO_TEST_SUITE\\02-09-2016\\VMS_0000096397373127\\VOD_EVO_119\\VOD_EVO_119_13_48_43.html,82,0,56,0:27:52,FAIL
DEMO_TEST_SUITE,VOD_EVO_120.py,DEMO_TEST_SUITE\\02-09-2016\\VMS_0000096397373127\\VOD_EVO_120\\VOD_EVO_120_13_49_44.html,12,0,67,0:08:38,FAIL
DEMO_TEST_SUITE,VOD_EVO_121.py,DEMO_TEST_SUITE\\02-09-2016\\VMS_0000096397373127\\VOD_EVO_121\\VOD_EVO_121_13_50_45.html,79,0,7,0:27:08,FAIL
DEMO_TEST_SUITE,VOD_EVO_122.py,DEMO_TEST_SUITE\\02-09-2016\\VMS_0000096397373127\\VOD_EVO_122\\VOD_EVO_122_13_51_46.html,12,0,8,0:08:22,FAIL
DEMO_TEST_SUITE,VOD_EVO_123.py,DEMO_TEST_SUITE\\02-09-2016\\VMS_0000096397373127\\VOD_EVO_123\\VOD_EVO_123_13_52_47.html,13,0,8,1:08:22,FAIL
DEMO_TEST_SUITE,VOD_EVO_124.py,DEMO_TEST_SUITE\\02-09-2016\\VMS_0000096397373127\\VOD_EVO_124\\VOD_EVO_124_13_53_48.html,14,0,2,0:27:52,FAIL
DEMO_TEST_SUITE,VOD_EVO_125.py,DEMO_TEST_SUITE\\02-09-2016\\VMS_0000096397373127\\VOD_EVO_125\\VOD_EVO_125_13_54_49.html,15,0,2,0:08:38,FAIL
DEMO_TEST_SUITE,VOD_EVO_126.py,DEMO_TEST_SUITE\\02-09-2016\\VMS_0000096397373127\\VOD_EVO_126\\VOD_EVO_126_13_55_50.html,16,1,,0:27:08,PASS
DEMO_TEST_SUITE,VOD_EVO_127.py,DEMO_TEST_SUITE\\02-09-2016\\VMS_0000096397373127\\VOD_EVO_127\\VOD_EVO_127_13_56_51.html,17,0,67,0:08:22,FAIL
DEMO_TEST_SUITE,VOD_EVO_128.py,DEMO_TEST_SUITE\\02-09-2016\\VMS_0000096397373127\\VOD_EVO_128\\VOD_EVO_128_13_57_52.html,18,0,7,0:27:52,FAIL
DEMO_TEST_SUITE,VOD_EVO_129.py,DEMO_TEST_SUITE\\02-09-2016\\VMS_0000096397373127\\VOD_EVO_129\\VOD_EVO_129_13_58_53.html,19,0,8,0:08:38,FAIL
DEMO_TEST_SUITE,VOD_EVO_130.py,DEMO_TEST_SUITE\\02-09-2016\\VMS_0000096397373127\\VOD_EVO_130\\VOD_EVO_130_13_59_54.html,82,1,,0:27:08,PASS
DEMO_TEST_SUITE,VOD_EVO_131.py,DEMO_TEST_SUITE\\02-09-2016\\VMS_0000096397373127\\VOD_EVO_131\\VOD_EVO_131_14_01_55.html,12,1,,0:08:22,PASS
DEMO_TEST_SUITE,VOD_EVO_132.py,DEMO_TEST_SUITE\\02-09-2016\\VMS_0000096397373127\\VOD_EVO_132\\VOD_EVO_132_14_02_56.html,79,1,,0:27:52,PASS
DEMO_TEST_SUITE,VOD_EVO_133.py,DEMO_TEST_SUITE\\02-09-2016\\VMS_0000096397373127\\VOD_EVO_133\\VOD_EVO_133_14_03_57.html,12,1,,0:08:38,PASS
DEMO_TEST_SUITE,VOD_EVO_134.py,DEMO_TEST_SUITE\\02-09-2016\\VMS_0000096397373127\\VOD_EVO_134\\VOD_EVO_134_14_04_58.html,13,1,,0:27:08,PASS
DEMO_TEST_SUITE,VOD_EVO_135.py,DEMO_TEST_SUITE\\02-09-2016\\VMS_0000096397373127\\VOD_EVO_135\\VOD_EVO_135_14_05_59.html,14,1,,0:08:22,PASS
DEMO_TEST_SUITE,VOD_EVO_136.py,DEMO_TEST_SUITE\\02-09-2016\\VMS_0000096397373127\\VOD_EVO_136\\VOD_EVO_136_14_06_01.html,15,1,,1:08:22,PASS
DEMO_TEST_SUITE,VOD_EVO_137.py,DEMO_TEST_SUITE\\02-09-2016\\VMS_0000096397373127\\VOD_EVO_137\\VOD_EVO_137_14_07_02.html,16,1,,0:27:52,PASS
DEMO_TEST_SUITE,VOD_EVO_138.py,DEMO_TEST_SUITE\\02-09-2016\\VMS_0000096397373127\\VOD_EVO_138\\VOD_EVO_138_14_08_03.html,17,1,,0:08:38,PASS
DEMO_TEST_SUITE,VOD_EVO_139.py,DEMO_TEST_SUITE\\02-09-2016\\VMS_0000096397373127\\VOD_EVO_139\\VOD_EVO_139_14_09_04.html,18,0,2,0:27:08,FAIL
DEMO_TEST_SUITE,VOD_EVO_140.py,DEMO_TEST_SUITE\\02-09-2016\\VMS_0000096397373127\\VOD_EVO_140\\VOD_EVO_140_14_10_05.html,19,0,2,0:08:22,FAIL
DEMO_TEST_SUITE,VOD_EVO_141.py,DEMO_TEST_SUITE\\02-09-2016\\VMS_0000096397373127\\VOD_EVO_141\\VOD_EVO_141_14_11_06.html,82,0,56,1:08:22,FAIL
DEMO_TEST_SUITE,VOD_EVO_142.py,DEMO_TEST_SUITE\\02-09-2016\\VMS_0000096397373127\\VOD_EVO_142\\VOD_EVO_142_14_12_07.html,12,0,67,0:27:08,FAIL
DEMO_TEST_SUITE,VOD_EVO_143.py,DEMO_TEST_SUITE\\02-09-2016\\VMS_0000096397373127\\VOD_EVO_143\\VOD_EVO_143_14_13_08.html,79,0,7,0:08:22,FAIL
DEMO_TEST_SUITE,VOD_EVO_144.py,DEMO_TEST_SUITE\\02-09-2016\\VMS_0000096397373127\\VOD_EVO_144\\VOD_EVO_144_14_14_09.html,12,1,,0:27:52,PASS
DEMO_TEST_SUITE,VOD_EVO_145.py,DEMO_TEST_SUITE\\02-09-2016\\VMS_0000096397373127\\VOD_EVO_145\\VOD_EVO_145_14_15_10.html,13,0,8,0:08:38,FAIL
DEMO_TEST_SUITE,VOD_EVO_146.py,DEMO_TEST_SUITE\\02-09-2016\\VMS_0000096397373127\\VOD_EVO_146\\VOD_EVO_146_14_16_11.html,14,0,2,0:27:08,FAIL
DEMO_TEST_SUITE,VOD_EVO_147.py,DEMO_TEST_SUITE\\02-09-2016\\VMS_0000096397373127\\VOD_EVO_147\\VOD_EVO_147_14_17_12.html,15,0,2,0:08:22,FAIL
DEMO_TEST_SUITE,VOD_EVO_148.py,DEMO_TEST_SUITE\\02-09-2016\\VMS_0000096397373127\\VOD_EVO_148\\VOD_EVO_148_14_18_13.html,16,1,,0:27:52,PASS
DEMO_TEST_SUITE,VOD_EVO_149.py,DEMO_TEST_SUITE\\02-09-2016\\VMS_0000096397373127\\VOD_EVO_149\\VOD_EVO_149_14_19_14.html,17,0,67,0:08:38,FAIL
DEMO_TEST_SUITE,VOD_EVO_150.py,DEMO_TEST_SUITE\\02-09-2016\\VMS_0000096397373127\\VOD_EVO_150\\VOD_EVO_150_14_20_15.html,18,0,7,0:27:08,FAIL
DEMO_TEST_SUITE,VOD_EVO_151.py,DEMO_TEST_SUITE\\02-09-2016\\VMS_0000096397373127\\VOD_EVO_151\\VOD_EVO_151_14_21_16.html,19,1,,0:08:22,PASS
DEMO_TEST_SUITE,VOD_EVO_152.py,DEMO_TEST_SUITE\\02-09-2016\\VMS_0000096397373127\\VOD_EVO_152\\VOD_EVO_152_14_22_17.html,20,0,8,1:08:22,FAIL
DEMO_TEST_SUITE,VOD_EVO_153.py,DEMO_TEST_SUITE\\02-09-2016\\VMS_0000096397373127\\VOD_EVO_153\\VOD_EVO_153_14_23_18.html,21,0,108,0:27:52,FAIL
DEMO_TEST_SUITE,VOD_EVO_154.py,DEMO_TEST_SUITE\\02-09-2016\\VMS_0000096397373127\\VOD_EVO_154\\VOD_EVO_154_14_24_19.html,22,0,26,0:08:38,FAIL
DEMO_TEST_SUITE,VOD_EVO_155.py,DEMO_TEST_SUITE\\02-09-2016\\VMS_0000096397373127\\VOD_EVO_155\\VOD_EVO_155_14_25_20.html,23,0,104,0:27:08,FAIL
DEMO_TEST_SUITE,VOD_EVO_156.py,DEMO_TEST_SUITE\\02-09-2016\\VMS_0000096397373127\\VOD_EVO_156\\VOD_EVO_156_14_26_21.html,24,0,26,0:27:08,FAIL
DEMO_TEST_SUITE,VOD_EVO_157.py,DEMO_TEST_SUITE\\02-09-2016\\VMS_0000096397373127\\VOD_EVO_157\\VOD_EVO_157_14_27_22.html,25,0,108,0:08:22,FAIL
DEMO_TEST_SUITE,VOD_EVO_158.py,DEMO_TEST_SUITE\\02-09-2016\\VMS_0000096397373127\\VOD_EVO_158\\VOD_EVO_158_14_28_23.html,26,0,104,0:27:52,FAIL
DEMO_TEST_SUITE,VOD_EVO_159.py,DEMO_TEST_SUITE\\02-09-2016\\VMS_0000096397373127\\VOD_EVO_159\\VOD_EVO_159_14_29_24.html,27,0,26,0:08:38,FAIL
DEMO_TEST_SUITE,VOD_EVO_160.py,DEMO_TEST_SUITE\\02-09-2016\\VMS_0000096397373127\\VOD_EVO_160\\VOD_EVO_160_14_30_25.html,28,0,26,0:27:08,FAIL
DEMO_TEST_SUITE,VOD_EVO_161.py,DEMO_TEST_SUITE\\02-09-2016\\VMS_0000096397373127\\VOD_EVO_161\\VOD_EVO_161_14_31_26.html,29,0,108,0:08:22,FAIL
DEMO_TEST_SUITE,VOD_EVO_162.py,DEMO_TEST_SUITE\\02-09-2016\\VMS_0000096397373127\\VOD_EVO_162\\VOD_EVO_162_14_32_27.html,30,0,26,0:27:52,FAIL
DEMO_TEST_SUITE,VOD_EVO_163.py,DEMO_TEST_SUITE\\02-09-2016\\VMS_0000096397373127\\VOD_EVO_163\\VOD_EVO_163_14_33_28.html,31,0,108,0:08:38,FAIL
DEMO_TEST_SUITE,VOD_EVO_164.py,DEMO_TEST_SUITE\\02-09-2016\\VMS_0000096397373127\\VOD_EVO_164\\VOD_EVO_164_14_34_29.html,32,0,6,0:27:08,FAIL
DEMO_TEST_SUITE,VOD_EVO_165.py,DEMO_TEST_SUITE\\02-09-2016\\VMS_0000096397373127\\VOD_EVO_165\\VOD_EVO_165_14_35_30.html,33,0,4,0:08:22,FAIL
DEMO_TEST_SUITE,VOD_EVO_166.py,DEMO_TEST_SUITE\\02-09-2016\\VMS_0000096397373127\\VOD_EVO_166\\VOD_EVO_166_14_36_31.html,34,0,4,1:08:22,FAIL
DEMO_TEST_SUITE,VOD_EVO_167.py,DEMO_TEST_SUITE\\02-09-2016\\VMS_0000096397373127\\VOD_EVO_167\\VOD_EVO_167_14_37_32.html,35,0,3,0:27:52,FAIL
DEMO_TEST_SUITE,VOD_EVO_168.py,DEMO_TEST_SUITE\\02-09-2016\\VMS_0000096397373127\\VOD_EVO_168\\VOD_EVO_168_14_38_33.html,36,0,2,0:08:38,FAIL
DEMO_TEST_SUITE,VOD_EVO_169.py,DEMO_TEST_SUITE\\02-09-2016\\VMS_0000096397373127\\VOD_EVO_169\\VOD_EVO_169_14_39_34.html,37,0,2,0:27:08,FAIL
DEMO_TEST_SUITE,VOD_EVO_170.py,DEMO_TEST_SUITE\\02-09-2016\\VMS_0000096397373127\\VOD_EVO_170\\VOD_EVO_170_14_40_35.html,38,0,56,0:27:08,FAIL
DEMO_TEST_SUITE,VOD_EVO_171.py,DEMO_TEST_SUITE\\02-09-2016\\VMS_0000096397373127\\VOD_EVO_171\\VOD_EVO_171_14_41_36.html,39,0,67,0:08:22,FAIL
DEMO_TEST_SUITE,VOD_EVO_172.py,DEMO_TEST_SUITE\\02-09-2016\\VMS_0000096397373127\\VOD_EVO_172\\VOD_EVO_172_14_42_37.html,40,0,7,0:27:52,FAIL
DEMO_TEST_SUITE,VOD_EVO_173.py,DEMO_TEST_SUITE\\02-09-2016\\VMS_0000096397373127\\VOD_EVO_173\\VOD_EVO_173_14_43_38.html,41,0,8,0:08:38,FAIL
DEMO_TEST_SUITE,VOD_EVO_174.py,DEMO_TEST_SUITE\\02-09-2016\\VMS_0000096397373127\\VOD_EVO_174\\VOD_EVO_174_14_44_39.html,42,0,8,0:27:08,FAIL
DEMO_TEST_SUITE,VOD_EVO_175.py,DEMO_TEST_SUITE\\02-09-2016\\VMS_0000096397373127\\VOD_EVO_175\\VOD_EVO_175_14_45_40.html,43,0,2,0:08:22,FAIL
DEMO_TEST_SUITE,VOD_EVO_176.py,DEMO_TEST_SUITE\\02-09-2016\\VMS_0000096397373127\\VOD_EVO_176\\VOD_EVO_176_14_46_41.html,44,0,2,0:27:52,FAIL
DEMO_TEST_SUITE,VOD_EVO_177.py,DEMO_TEST_SUITE\\02-09-2016\\VMS_0000096397373127\\VOD_EVO_177\\VOD_EVO_177_14_47_42.html,45,0,67,0:08:38,FAIL
DEMO_TEST_SUITE,VOD_EVO_178.py,DEMO_TEST_SUITE\\02-09-2016\\VMS_0000096397373127\\VOD_EVO_178\\VOD_EVO_178_14_48_43.html,46,0,7,0:27:08,FAIL
DEMO_TEST_SUITE,VOD_EVO_179.py,DEMO_TEST_SUITE\\02-09-2016\\VMS_0000096397373127\\VOD_EVO_179\\VOD_EVO_179_14_49_44.html,47,0,8,0:08:22,FAIL
DEMO_TEST_SUITE,VOD_EVO_180.py,DEMO_TEST_SUITE\\02-09-2016\\VMS_0000096397373127\\VOD_EVO_180\\VOD_EVO_180_14_50_45.html,48,0,2,1:08:22,FAIL
DEMO_TEST_SUITE,VOD_EVO_181.py,DEMO_TEST_SUITE\\02-09-2016\\VMS_0000096397373127\\VOD_EVO_181\\VOD_EVO_181_14_51_46.html,49,0,2,0:27:52,FAIL
DEMO_TEST_SUITE,VOD_EVO_182.py,DEMO_TEST_SUITE\\02-09-2016\\VMS_0000096397373127\\VOD_EVO_182\\VOD_EVO_182_14_52_47.html,50,0,56,0:08:38,FAIL
DEMO_TEST_SUITE,VOD_EVO_183.py,DEMO_TEST_SUITE\\02-09-2016\\VMS_0000096397373127\\VOD_EVO_183\\VOD_EVO_183_14_53_48.html,51,0,67,0:27:08,FAIL
DEMO_TEST_SUITE,VOD_EVO_184.py,DEMO_TEST_SUITE\\02-09-2016\\VMS_0000096397373127\\VOD_EVO_184\\VOD_EVO_184_14_54_49.html,52,0,7,0:27:08,FAIL
DEMO_TEST_SUITE,VOD_EVO_185.py,DEMO_TEST_SUITE\\02-09-2016\\VMS_0000096397373127\\VOD_EVO_185\\VOD_EVO_185_14_55_50.html,53,0,8,0:08:22,FAIL
DEMO_TEST_SUITE,VOD_EVO_186.py,DEMO_TEST_SUITE\\02-09-2016\\VMS_0000096397373127\\VOD_EVO_186\\VOD_EVO_186_14_56_51.html,54,0,2,0:27:52,FAIL
DEMO_TEST_SUITE,VOD_EVO_187.py,DEMO_TEST_SUITE\\02-09-2016\\VMS_0000096397373127\\VOD_EVO_187\\VOD_EVO_187_14_57_52.html,55,0,2,0:08:38,FAIL
DEMO_TEST_SUITE,VOD_EVO_188.py,DEMO_TEST_SUITE\\02-09-2016\\VMS_0000096397373127\\VOD_EVO_188\\VOD_EVO_188_14_58_53.html,56,0,67,0:27:08,FAIL
DEMO_TEST_SUITE,VOD_EVO_189.py,DEMO_TEST_SUITE\\02-09-2016\\VMS_0000096397373127\\VOD_EVO_189\\VOD_EVO_189_14_59_54.html,57,0,7,0:08:22,FAIL
DEMO_TEST_SUITE,VOD_EVO_190.py,DEMO_TEST_SUITE\\02-09-2016\\VMS_0000096397373127\\VOD_EVO_190\\VOD_EVO_190_15_01_55.html,58,0,8,0:27:52,FAIL
DEMO_TEST_SUITE,VOD_EVO_191.py,DEMO_TEST_SUITE\\02-09-2016\\VMS_0000096397373127\\VOD_EVO_191\\VOD_EVO_191_15_02_56.html,59,0,108,0:08:38,FAIL
DEMO_TEST_SUITE,VOD_EVO_192.py,DEMO_TEST_SUITE\\02-09-2016\\VMS_0000096397373127\\VOD_EVO_192\\VOD_EVO_192_15_03_57.html,60,0,26,0:27:08,FAIL
DEMO_TEST_SUITE,VOD_EVO_193.py,DEMO_TEST_SUITE\\02-09-2016\\VMS_0000096397373127\\VOD_EVO_193\\VOD_EVO_193_15_04_58.html,61,0,104,0:08:22,FAIL
DEMO_TEST_SUITE,VOD_EVO_194.py,DEMO_TEST_SUITE\\02-09-2016\\VMS_0000096397373127\\VOD_EVO_194\\VOD_EVO_194_15_05_59.html,62,0,26,1:08:22,FAIL
DEMO_TEST_SUITE,VOD_EVO_195.py,DEMO_TEST_SUITE\\02-09-2016\\VMS_0000096397373127\\VOD_EVO_195\\VOD_EVO_195_15_06_01.html,63,0,108,0:27:52,FAIL
DEMO_TEST_SUITE,VOD_EVO_196.py,DEMO_TEST_SUITE\\02-09-2016\\VMS_0000096397373127\\VOD_EVO_196\\VOD_EVO_196_15_07_02.html,64,0,104,0:08:38,FAIL
DEMO_TEST_SUITE,VOD_EVO_197.py,DEMO_TEST_SUITE\\02-09-2016\\VMS_0000096397373127\\VOD_EVO_197\\VOD_EVO_197_15_08_03.html,65,0,26,0:27:08,FAIL
DEMO_TEST_SUITE,VOD_EVO_198.py,DEMO_TEST_SUITE\\02-09-2016\\VMS_0000096397373127\\VOD_EVO_198\\VOD_EVO_198_15_09_04.html,66,0,26,0:27:08,FAIL
DEMO_TEST_SUITE,VOD_EVO_199.py,DEMO_TEST_SUITE\\02-09-2016\\VMS_0000096397373127\\VOD_EVO_199\\VOD_EVO_199_15_10_05.html,67,0,108,0:08:22,FAIL
DEMO_TEST_SUITE,VOD_EVO_200.py,DEMO_TEST_SUITE\\02-09-2016\\VMS_0000096397373127\\VOD_EVO_200\\VOD_EVO_200_15_11_06.html,68,0,26,0:27:52,FAIL
DEMO_TEST_SUITE,VOD_EVO_201.py,DEMO_TEST_SUITE\\02-09-2016\\VMS_0000096397373127\\VOD_EVO_201\\VOD_EVO_201_15_12_07.html,69,0,108,0:08:38,FAIL
DEMO_TEST_SUITE,VOD_EVO_202.py,DEMO_TEST_SUITE\\02-09-2016\\VMS_0000096397373127\\VOD_EVO_202\\VOD_EVO_202_15_13_08.html,70,0,6,0:27:08,FAIL
DEMO_TEST_SUITE,VOD_EVO_203.py,DEMO_TEST_SUITE\\02-09-2016\\VMS_0000096397373127\\VOD_EVO_203\\VOD_EVO_203_15_14_09.html,71,0,4,0:08:22,FAIL
DEMO_TEST_SUITE,VOD_EVO_204.py,DEMO_TEST_SUITE\\02-09-2016\\VMS_0000096397373127\\VOD_EVO_204\\VOD_EVO_204_15_15_10.html,72,0,4,0:27:52,FAIL
DEMO_TEST_SUITE,VOD_EVO_205.py,DEMO_TEST_SUITE\\02-09-2016\\VMS_0000096397373127\\VOD_EVO_205\\VOD_EVO_205_15_16_11.html,73,0,3,0:08:38,FAIL
DEMO_TEST_SUITE,VOD_EVO_206.py,DEMO_TEST_SUITE\\02-09-2016\\VMS_0000096397373127\\VOD_EVO_206\\VOD_EVO_206_15_17_12.html,74,0,2,0:27:08,FAIL
DEMO_TEST_SUITE,VOD_EVO_207.py,DEMO_TEST_SUITE\\02-09-2016\\VMS_0000096397373127\\VOD_EVO_207\\VOD_EVO_207_15_18_13.html,75,0,2,0:08:22,FAIL
,,,,,,,
,,,,,,,
,,,,,,,
,,,,,,,
